Comment,Designator,Footprint,LCSC Part #

"10uF","C1, C2, C3, C4, C5, C6","1210_C","C22380050"
"100nF","C7, C13, C14, C21, C22, C23","0603_C","C14663"
"100.0 �F","C8, C9, C10, C11, C12, C15, C16, C19, C20","1206_C","C15008"
"22.0 pF","C17, C18","0603_C","C1653"
"25v 100uF","CPP1, CPP2, CPP3, CPP4","7343_Cap","C696814"
"MDD SS210","D1, D2, D3, D4, D5, D7","DO-214AC","C14996"
"1N5819WS","D6, D8, D9","SOD-323_Cap","C191023"
"MCP16331T-E/CH","IC1","SOT-23-6","C105695"
"JST SM06B-SRSS-TB(LF)(SN)","ISP","JST SM06B-SRSS-TB","C160405"
"2.2e-05 H","L1","WE-TPC-4818-M","C5914106"
"White","LB1, LB2, LD1, LD2, LD3, LD4, LD5, LD6, LD7, LD8, LD9, LD10, LD11, LP1, LP2, LP3, LP4, LP5, LP6, LP7, LP8, LP9, LP10, LP11, LP12, LP13, LP14, LP15","0805_Led","C497944"
"Blue","LN1, LN2, LN3, LN4, LN5, LN6, LN7, LN8, LN9, LN10, LN11","0805_Led","C497943"
"PluX22 Connector","PluX22","PluX22 Female Bottom","C22067139"
"MMBT5551LT1G","Q1, Q4, Q5, Q6, Q7, Q8, Q9, Q10","ONSC-SOT-23-3-318-08_V","C2145"
"Diodes Inc DMMT5401-7-F","Q2","DIOD-SOT-26-6_M","C154733"
"DMMT5551-7-F","Q3","DIOD-SOT-26-6_M","C445514"
"52.3 kO","R1, R4","0805_R","C17740"
"10.0 kO","R2, R7, R10","0805_R","C17414"
"2 kO","R3, R6, R11, R12, R13, R14, R15, R16, R17","0805_R","C17604"
"120.0 O","R5","1206_Resistor","C17909"
"22.0 O","R8","0805_R","C17561"
"6.8 kO","R9","0805_R","C17772"
"470.0 O","R18, R19","0805_R","C17710"
"3.3 kO","RLB1, RLB2, RLD1, RLD2, RLD3, RLD4, RLD5, RLD6, RLD7, RLD8, RLD9, RLD10, RLD11","0805_R","C26010"
"3.9 kO","RLN1, RLN2, RLN3, RLN4, RLN5, RLN6, RLN7, RLN8, RLN9, RLN10, RLN11, RLP1, RLP2, RLP3, RLP4, RLP5, RLP6, RLP7, RLP8, RLP9, RLP10, RLP11, RLP12, RLP13, RLP14, RLP15","0805_R","C17614"
"JST SM04B-SRSS-TB(LF)(SN)","SUSI","JST SM04B-SRSS-TB","C160404"
"ATmega128-16AU","U1","64A_M","C6510"
"16 MHz","Y1","PCB-73bh49k2ct94buydgloj-1","C13738"
